SQL> SELECT S.FNAME from STUDENT S where S.LNAME='Pifer';

FNAME                                                                                                                                                                                                                                                                                                                                                                                                           
--------------------                                                                                                                                                                                                                                                                                                                                                                                            
Myrna                                                                                                                                                                                                                                                                                                                                                                                                           

SQL> SELECT B.TITLE from BOOK B where B.RATING=4.98;

TITLE                                                                                                                                                                                                                                                                                                                                                                                                           
----------------------------------------------------------------------------------------------------------------------------------------------------------------------------------------------------------------------------------------------------------------------------------------------------------------------------------------------------------------------------------------------------------------
The Surprising Truth about Sales: A Holistic Approach to Closing a Deal                                                                                                                                                                                                                                                                                                                                         

SQL> SELECT B.TITLE from BOOK B where B.RATING=5 AND B.PAGES>3000;

TITLE                                                                                                                                                                                                                                                                                                                                                                                                           
----------------------------------------------------------------------------------------------------------------------------------------------------------------------------------------------------------------------------------------------------------------------------------------------------------------------------------------------------------------------------------------------------------------
The Omnidoxy                                                                                                                                                                                                                                                                                                                                                                                                    

SQL> SELECT S.FNAME from STUDENT S where S.AGE>43;

FNAME                                                                                                                                                                                                                                                                                                                                                                                                           
--------------------                                                                                                                                                                                                                                                                                                                                                                                            
Penn                                                                                                                                                                                                                                                                                                                                                                                                            
Laree                                                                                                                                                                                                                                                                                                                                                                                                           

SQL> SELECT L.NAME from LIBRARY L,BOOKCOPY C,BOOK B where C.LID=L.LID AND C.BID=B.BID AND B.TITLE='The Outsider';

NAME                                                                                                                                                                                                                                                                                                                                                                                                            
--------------------------------------------------                                                                                                                                                                                                                                                                                                                                                              
Eugene M. and Christine E. Lynn Library                                                                                                                                                                                                                                                                                                                                                                         
Spanish River Library                                                                                                                                                                                                                                                                                                                                                                                           
Palm Beach Country Library                                                                                                                                                                                                                                                                                                                                                                                      
West Boca Branch Library                                                                                                                                                                                                                                                                                                                                                                                        
Eugene M. and Christine E. Lynn Library                                                                                                                                                                                                                                                                                                                                                                         
Glades Road Branch Library                                                                                                                                                                                                                                                                                                                                                                                      
West Boca Branch Library                                                                                                                                                                                                                                                                                                                                                                                        

7 rows selected.

SQL> SELECT B.TITLE from STUDENT S,BORROW O,BOOK B where S.SID=O.SID AND O.BID=B.BID AND S.FNAME='Valentin' AND S.LNAME='Caton';

TITLE                                                                                                                                                                                                                                                                                                                                                                                                           
----------------------------------------------------------------------------------------------------------------------------------------------------------------------------------------------------------------------------------------------------------------------------------------------------------------------------------------------------------------------------------------------------------------
The Reality Dysfunction                                                                                                                                                                                                                                                                                                                                                                                         
The Oxford English Dictionary (20 Volume Set)                                                                                                                                                                                                                                                                                                                                                                   

SQL> SELECT B.TITLE from STUDENT S,BORROW O,BOOK B where S.SID=O.SID AND O.BID=B.BID AND S.FNAME='Valentin' AND S.LNAME='Caton' AND O.BDATE='21-FEB-22';

no rows selected

SQL> SELECT B.TITLE from STUDENT S,BORROW O,BOOK B,BOOKCOPY C,LIBRARY L where S.SID=O.SID AND O.BID=B.BID AND S.FNAME='Tylor' AND S.LNAME='Boykin' AND C.BID=O.BID AND L.LID=C.LID AND L.NAME='FAU Libraries';

TITLE                                                                                                                                                                                                                                                                                                                                                                                                           
----------------------------------------------------------------------------------------------------------------------------------------------------------------------------------------------------------------------------------------------------------------------------------------------------------------------------------------------------------------------------------------------------------------
A Beautiful Lie                                                                                                                                                                                                                                                                                                                                                                                                 

SQL> SELECT S.FNAME,S.LNAME from STUDENT S where S.AGE=( SELECT MAX(S2.AGE) FROM STUDENT S2 );

FNAME                LNAME                                                                                                                                                                                                                                                                                                                                                                                      
-------------------- --------------------                                                                                                                                                                                                                                                                                                                                                                       
Penn                 Smallwood                                                                                                                                                                                                                                                                                                                                                                                  
Laree                Welton                                                                                                                                                                                                                                                                                                                                                                                     

SQL> SELECT S.FNAME from STUDENT S where NOT EXISTS (SELECT O.BID from BORROW O where O.SID=S.SID);

FNAME                                                                                                                                                                                                                                                                                                                                                                                                           
--------------------                                                                                                                                                                                                                                                                                                                                                                                            
Kandie                                                                                                                                                                                                                                                                                                                                                                                                          
Raynell                                                                                                                                                                                                                                                                                                                                                                                                         
Penn                                                                                                                                                                                                                                                                                                                                                                                                            
Danae                                                                                                                                                                                                                                                                                                                                                                                                           
Analicia                                                                                                                                                                                                                                                                                                                                                                                                        
Shiree                                                                                                                                                                                                                                                                                                                                                                                                          
Rene                                                                                                                                                                                                                                                                                                                                                                                                            
Maia                                                                                                                                                                                                                                                                                                                                                                                                            
Sahib                                                                                                                                                                                                                                                                                                                                                                                                           
Damonica                                                                                                                                                                                                                                                                                                                                                                                                        
Tywana                                                                                                                                                                                                                                                                                                                                                                                                          

FNAME                                                                                                                                                                                                                                                                                                                                                                                                           
--------------------                                                                                                                                                                                                                                                                                                                                                                                            
Hernan                                                                                                                                                                                                                                                                                                                                                                                                          
Pervis                                                                                                                                                                                                                                                                                                                                                                                                          
Taralee                                                                                                                                                                                                                                                                                                                                                                                                         
Keturah                                                                                                                                                                                                                                                                                                                                                                                                         
Keric                                                                                                                                                                                                                                                                                                                                                                                                           
Jaree                                                                                                                                                                                                                                                                                                                                                                                                           
Anan                                                                                                                                                                                                                                                                                                                                                                                                            
Katianne                                                                                                                                                                                                                                                                                                                                                                                                        

19 rows selected.

SQL> SPOOL OFF
